vehicle_id,source_lat,source_lng,target_lat,target_lng
1,30.390433,-9.522205570492089,30.40024641,-9.53721368
1,30.40024641,-9.53721368,30.408487,-9.557469
1,30.408487,-9.557469,30.40883688,-9.55972174
1,30.40883688,-9.55972174,30.4148421,-9.56720927
1,30.4148421,-9.56720927,30.41587848,-9.57036718
1,30.41587848,-9.57036718,30.41551359,-9.57083855
1,30.41551359,-9.57083855,30.41845366,-9.57566409
1,30.41845366,-9.57566409,30.42528701,-9.57821069
1,30.42528701,-9.57821069,30.429258,-9.577792
1,30.429258,-9.577792,30.42945384,-9.57755977
1,30.42945384,-9.57755977,30.42907423,-9.57969358
1,30.42907423,-9.57969358,30.42865916,-9.57980788
1,30.42865916,-9.57980788,30.42746558,-9.5826055
1,30.42746558,-9.5826055,30.42663741,-9.58252227
1,30.42663741,-9.58252227,30.42638299,-9.58279453
1,30.42638299,-9.58279453,30.42600693,-9.58307251
1,30.42600693,-9.58307251,30.42445856,-9.58608812
1,30.42445856,-9.58608812,30.42379372,-9.58684806
1,30.42379372,-9.58684806,30.423443,-9.587962
1,30.423443,-9.587962,30.42334,-9.5901366667
1,30.42334,-9.5901366667,30.42517759,-9.59308496
1,30.42517759,-9.59308496,30.4246894,-9.59461674
1,30.4246894,-9.59461674,30.42471521,-9.59457211
1,30.42471521,-9.59457211,30.42468972,-9.59461717
1,30.42468972,-9.59461717,30.42468976,-9.59461714
1,30.42468976,-9.59461714,30.4233066667,-9.5956233333
1,30.4233066667,-9.5956233333,30.42330597,-9.59570069
1,30.42330597,-9.59570069,30.42597251,-9.60010933
1,30.42597251,-9.60010933,30.42285157,-9.59967769
1,30.42285157,-9.59967769,30.42285151,-9.59967766
1,30.42285151,-9.59967766,30.42208373,-9.60067507
1,30.42208373,-9.60067507,30.42211746,-9.60056718
1,30.42211746,-9.60056718,30.42233617,-9.6032109
1,30.42233617,-9.6032109,30.42347052,-9.60120173
1,30.42347052,-9.60120173,30.42460028,-9.60423384
1,30.42460028,-9.60423384,30.42676173,-9.60862797
1,30.42676173,-9.60862797,30.42603445,-9.6137597
1,30.42603445,-9.6137597,30.42338904,-9.62865462
1,30.42338904,-9.62865462,30.4233843,-9.62864631
1,30.4233843,-9.62864631,30.42335999,-9.62864432
1,30.42335999,-9.62864432,30.42338895,-9.62865447
1,30.42338895,-9.62865447,30.4235617,-9.62882556
1,30.4235617,-9.62882556,30.42358896,-9.62879218
1,30.42358896,-9.62879218,30.42676378,-9.63455688
1,30.42676378,-9.63455688,30.42417527,-9.62834714
1,30.42417527,-9.62834714,30.42593107,-9.62020135
1,30.42593107,-9.62020135,30.42428408,-9.61576424
1,30.42428408,-9.61576424,30.42072473,-9.60772058
1,30.42072473,-9.60772058,30.42065081,-9.60833346
1,30.42065081,-9.60833346,30.41529689,-9.60232045
1,30.41529689,-9.60232045,30.41529662,-9.60232465
1,30.41529662,-9.60232465,30.41528635,-9.60230113
1,30.41528635,-9.60230113,30.414425,-9.5989633333
1,30.414425,-9.5989633333,30.4112516667,-9.598714
1,30.4112516667,-9.598714,30.410881,-9.596538
1,30.410881,-9.596538,30.407859,-9.5986
1,30.407859,-9.5986,30.399762,-9.587843
1,30.399762,-9.587843,30.39890655,-9.58730965
1,30.39890655,-9.58730965,30.3994,-9.5874133333
1,30.3994,-9.5874133333,30.3897516667,-9.5734383333
1,30.3897516667,-9.5734383333,30.372607,-9.570562
1,30.372607,-9.570562,30.372542,-9.570536
1,30.372542,-9.570536,30.371472,-9.571106
1,30.371472,-9.571106,30.37119,-9.57162
1,30.37119,-9.57162,30.37213,-9.572238
1,30.37213,-9.572238,30.372193,-9.572343
1,30.372193,-9.572343,30.372218,-9.57233
1,30.372218,-9.57233,30.372295,-9.572306
1,30.372295,-9.572306,30.372369,-9.572268
1,30.372369,-9.572268,30.372403,-9.572375
1,30.372403,-9.572375,30.372508,-9.572656
1,30.372508,-9.572656,30.373539,-9.57818
1,30.373539,-9.57818,30.373651,-9.578197
1,30.373651,-9.578197,30.373078,-9.578505
1,30.373078,-9.578505,30.373231,-9.578476
1,30.373231,-9.578476,30.3891653,-9.5693249
1,30.3891653,-9.5693249,30.390578,-9.56679
1,30.390578,-9.56679,30.393153,-9.563371
1,30.393153,-9.563371,30.393521,-9.559739
1,30.393521,-9.559739,30.39966369,-9.55232344
1,30.39966369,-9.55232344,30.390433,-9.522205570492089
2,30.390433,-9.522205570492089,30.36824296,-9.53285203
2,30.36824296,-9.53285203,30.35220931,-9.53767816
2,30.35220931,-9.53767816,30.35216399,-9.54235425
2,30.35216399,-9.54235425,30.35121323,-9.54181186
2,30.35121323,-9.54181186,30.35100949,-9.54184742
2,30.35100949,-9.54184742,30.35039231,-9.54128226
2,30.35039231,-9.54128226,30.34930876,-9.54251277
2,30.34930876,-9.54251277,30.34900123,-9.54257821
2,30.34900123,-9.54257821,30.34793544,-9.54176327
2,30.34793544,-9.54176327,30.34601576,-9.54333379
2,30.34601576,-9.54333379,30.34551376,-9.54361577
2,30.34551376,-9.54361577,30.34550264,-9.54389569
2,30.34550264,-9.54389569,30.34560325,-9.54456744
2,30.34560325,-9.54456744,30.34506812,-9.5449777
2,30.34506812,-9.5449777,30.34523056,-9.54557167
2,30.34523056,-9.54557167,30.34521799,-9.54555454
2,30.34521799,-9.54555454,30.34564596,-9.54834738
2,30.34564596,-9.54834738,30.3457545,-9.54906885
2,30.3457545,-9.54906885,30.34594859,-9.55058721
2,30.34594859,-9.55058721,30.34695646,-9.55042805
2,30.34695646,-9.55042805,30.3467592,-9.55125066
2,30.3467592,-9.55125066,30.34736621,-9.55131756
2,30.34736621,-9.55131756,30.34736844,-9.55183967
2,30.34736844,-9.55183967,30.3479739,-9.55068355
2,30.3479739,-9.55068355,30.34843557,-9.54935326
2,30.34843557,-9.54935326,30.34812047,-9.54859795
2,30.34812047,-9.54859795,30.34705039,-9.54939926
2,30.34705039,-9.54939926,30.34706378,-9.54802138
2,30.34706378,-9.54802138,30.34702564,-9.54776205
2,30.34702564,-9.54776205,30.34837699,-9.54650043
2,30.34837699,-9.54650043,30.34895366,-9.54634953
2,30.34895366,-9.54634953,30.34894821,-9.54604115
2,30.34894821,-9.54604115,30.34731191,-9.54498251
2,30.34731191,-9.54498251,30.3515325,-9.54509385
2,30.3515325,-9.54509385,30.35122372,-9.54451975
2,30.35122372,-9.54451975,30.35126932,-9.54362746
2,30.35126932,-9.54362746,30.35232732,-9.54303666
2,30.35232732,-9.54303666,30.35338247,-9.54300233
2,30.35338247,-9.54300233,30.35393333,-9.54295916
2,30.35393333,-9.54295916,30.35364379,-9.54266843
2,30.35364379,-9.54266843,30.35349068,-9.54223363
2,30.35349068,-9.54223363,30.35335333,-9.54205677
2,30.35335333,-9.54205677,30.35213441,-9.54096812
2,30.35213441,-9.54096812,30.35213441,-9.54096812
2,30.35213441,-9.54096812,30.35213441,-9.54096812
2,30.35213441,-9.54096812,30.35213441,-9.54096812
2,30.35213441,-9.54096812,30.35213441,-9.54096812
2,30.35213441,-9.54096812,30.35231467,-9.5397686
2,30.35231467,-9.5397686,30.34669471,-9.52768198
2,30.34669471,-9.52768198,30.33553389,-9.51874671
2,30.33553389,-9.51874671,30.32958209,-9.52499957
2,30.32958209,-9.52499957,30.32818412,-9.52525942
2,30.32818412,-9.52525942,30.32115435,-9.52612991
2,30.32115435,-9.52612991,30.31642928,-9.51257071
2,30.31642928,-9.51257071,30.32050404,-9.51074581
2,30.32050404,-9.51074581,30.32074356,-9.51068925
2,30.32074356,-9.51068925,30.32260146,-9.51158066
2,30.32260146,-9.51158066,30.32041014,-9.51073124
2,30.32041014,-9.51073124,30.31760528,-9.50944379
2,30.31760528,-9.50944379,30.31823596,-9.50832559
2,30.31823596,-9.50832559,30.31804177,-9.50485551
2,30.31804177,-9.50485551,30.31360166,-9.50219846
2,30.31360166,-9.50219846,30.31263591,-9.50072138
2,30.31263591,-9.50072138,30.31263727,-9.50072031
2,30.31263727,-9.50072031,30.31360299,-9.50219794
2,30.31360299,-9.50219794,30.31451051,-9.50199444
2,30.31451051,-9.50199444,30.31557843,-9.49846573
2,30.31557843,-9.49846573,30.31967077,-9.50513109
2,30.31967077,-9.50513109,30.32087331,-9.50572693
2,30.32087331,-9.50572693,30.32503487,-9.5063148
2,30.32503487,-9.5063148,30.322769,-9.5020185
2,30.322769,-9.5020185,30.32278072,-9.50087548
2,30.32278072,-9.50087548,30.32432634,-9.49985478
2,30.32432634,-9.49985478,30.32350258,-9.4981683
2,30.32350258,-9.4981683,30.32286523,-9.49809318
2,30.32286523,-9.49809318,30.3239237,-9.49795391
2,30.3239237,-9.49795391,30.32666482,-9.49734188
2,30.32666482,-9.49734188,30.32828026,-9.49901962
2,30.32828026,-9.49901962,30.329708,-9.497851
2,30.329708,-9.497851,30.330282,-9.49757
2,30.330282,-9.49757,30.32865331,-9.49741237
2,30.32865331,-9.49741237,30.327503,-9.486305
2,30.327503,-9.486305,30.33704185,-9.49486916
2,30.33704185,-9.49486916,30.3374596,-9.49665727
2,30.3374596,-9.49665727,30.38875568,-9.51394577
2,30.38875568,-9.51394577,30.390433,-9.522205570492089
3,30.390433,-9.522205570492089,30.38677233,-9.51848343
3,30.38677233,-9.51848343,30.38183013,-9.5108871
3,30.38183013,-9.5108871,30.37902468,-9.50888295
3,30.37902468,-9.50888295,30.37711273,-9.50993488
3,30.37711273,-9.50993488,30.3756733333,-9.5094016667
3,30.3756733333,-9.5094016667,30.374834,-9.509841
3,30.374834,-9.509841,30.374696,-9.510618
3,30.374696,-9.510618,30.37447035,-9.50609109
3,30.37447035,-9.50609109,30.349191,-9.50625
3,30.349191,-9.50625,30.348946,-9.5059969
3,30.348946,-9.5059969,30.34872937,-9.5065068
3,30.34872937,-9.5065068,30.34868065,-9.50547809
3,30.34868065,-9.50547809,30.34994719,-9.49507451
3,30.34994719,-9.49507451,30.34975,-9.49497
3,30.34975,-9.49497,30.34941064,-9.49296258
3,30.34941064,-9.49296258,30.34920456,-9.49266632
3,30.34920456,-9.49266632,30.34879447,-9.49148555
3,30.34879447,-9.49148555,30.34866839,-9.49012926
3,30.34866839,-9.49012926,30.34970333,-9.48947202
3,30.34970333,-9.48947202,30.34780293,-9.49045771
3,30.34780293,-9.49045771,30.34710495,-9.49056545
3,30.34710495,-9.49056545,30.34669657,-9.49014214
3,30.34669657,-9.49014214,30.34713198,-9.4890893
3,30.34713198,-9.4890893,30.347009,-9.486204
3,30.347009,-9.486204,30.34727564,-9.48552657
3,30.34727564,-9.48552657,30.34501602,-9.48554064
3,30.34501602,-9.48554064,30.34353915,-9.48492658
3,30.34353915,-9.48492658,30.34354462,-9.48487315
3,30.34354462,-9.48487315,30.34319359,-9.48365033
3,30.34319359,-9.48365033,30.34309907,-9.48394952
3,30.34309907,-9.48394952,30.343088,-9.484129
3,30.343088,-9.484129,30.34231553,-9.48398129
3,30.34231553,-9.48398129,30.34261436,-9.48681965
3,30.34261436,-9.48681965,30.34357111,-9.48679929
3,30.34357111,-9.48679929,30.34377989,-9.48704428
3,30.34377989,-9.48704428,30.34476802,-9.48728252
3,30.34476802,-9.48728252,30.34246778,-9.48732761
3,30.34246778,-9.48732761,30.340813,-9.489164
3,30.340813,-9.489164,30.33879655,-9.49379874
3,30.33879655,-9.49379874,30.342871,-9.497241
3,30.342871,-9.497241,30.344786,-9.497481
3,30.344786,-9.497481,30.344465,-9.496954
3,30.344465,-9.496954,30.34654379,-9.49824428
3,30.34654379,-9.49824428,30.34731841,-9.50024279
3,30.34731841,-9.50024279,30.37199821,-9.50268203
3,30.37199821,-9.50268203,30.371467,-9.5019173
3,30.371467,-9.5019173,30.37339332,-9.50040411
3,30.37339332,-9.50040411,30.37313635,-9.50192766
3,30.37313635,-9.50192766,30.37345646,-9.50268076
3,30.37345646,-9.50268076,30.37385612,-9.50256924
3,30.37385612,-9.50256924,30.3742359,-9.50202049
3,30.3742359,-9.50202049,30.37438794,-9.50078057
3,30.37438794,-9.50078057,30.37460818,-9.50025556
3,30.37460818,-9.50025556,30.37452829,-9.50022557
3,30.37452829,-9.50022557,30.37546886,-9.49898856
3,30.37546886,-9.49898856,30.37548677,-9.49886731
3,30.37548677,-9.49886731,30.37613251,-9.49904527
3,30.37613251,-9.49904527,30.3765403,-9.49896781
3,30.3765403,-9.49896781,30.37668181,-9.49805266
3,30.37668181,-9.49805266,30.37620086,-9.49820155
3,30.37620086,-9.49820155,30.37603064,-9.49817552
3,30.37603064,-9.49817552,30.37583401,-9.49829284
3,30.37583401,-9.49829284,30.37427682,-9.49784944
3,30.37427682,-9.49784944,30.37414231,-9.49754501
3,30.37414231,-9.49754501,30.37443082,-9.49754624
3,30.37443082,-9.49754624,30.37488402,-9.49579345
3,30.37488402,-9.49579345,30.3763088,-9.49436855
3,30.3763088,-9.49436855,30.376289,-9.494592
3,30.376289,-9.494592,30.3782827,-9.49349298
3,30.3782827,-9.49349298,30.37835572,-9.49348683
3,30.37835572,-9.49348683,30.3798982,-9.49483002
3,30.3798982,-9.49483002,30.38207835,-9.49406874
3,30.38207835,-9.49406874,30.38157889,-9.49785011
3,30.38157889,-9.49785011,30.38020893,-9.49927885
3,30.38020893,-9.49927885,30.3785903,-9.49810652
3,30.3785903,-9.49810652,30.3788181,-9.49723108
3,30.3788181,-9.49723108,30.37890964,-9.49722938
3,30.37890964,-9.49722938,30.37908056,-9.49776412
3,30.37908056,-9.49776412,30.37949664,-9.50033936
3,30.37949664,-9.50033936,30.37851453,-9.5010169
3,30.37851453,-9.5010169,30.37599032,-9.50207036
3,30.37599032,-9.50207036,30.37540741,-9.50237082
3,30.37540741,-9.50237082,30.37547855,-9.50156302
3,30.37547855,-9.50156302,30.37678123,-9.50112437
3,30.37678123,-9.50112437,30.37754588,-9.50152642
3,30.37754588,-9.50152642,30.37872942,-9.50329829
3,30.37872942,-9.50329829,30.381956,-9.503287
3,30.381956,-9.503287,30.39116735,-9.51665584
3,30.39116735,-9.51665584,30.390433,-9.522205570492089
4,30.390433,-9.522205570492089,30.43011611,-9.55406754
4,30.43011611,-9.55406754,30.42970021,-9.55543673
4,30.42970021,-9.55543673,30.42987935,-9.55617737
4,30.42987935,-9.55617737,30.42873428,-9.5571795
4,30.42873428,-9.5571795,30.42900894,-9.55796323
4,30.42900894,-9.55796323,30.42911182,-9.55771983
4,30.42911182,-9.55771983,30.43001097,-9.55904464
4,30.43001097,-9.55904464,30.4301533,-9.55883344
4,30.4301533,-9.55883344,30.43176469,-9.55810226
4,30.43176469,-9.55810226,30.43208437,-9.5575505
4,30.43208437,-9.5575505,30.43208634,-9.55655615
4,30.43208634,-9.55655615,30.43043734,-9.55667615
4,30.43043734,-9.55667615,30.43147786,-9.5568926
4,30.43147786,-9.5568926,30.43210279,-9.55586126
4,30.43210279,-9.55586126,30.43257978,-9.5554822
4,30.43257978,-9.5554822,30.43261916,-9.5552858
4,30.43261916,-9.5552858,30.43293217,-9.55409323
4,30.43293217,-9.55409323,30.4330212,-9.55340875
4,30.4330212,-9.55340875,30.43421407,-9.5540286
4,30.43421407,-9.5540286,30.43418119,-9.5539381
4,30.43418119,-9.5539381,30.43492547,-9.55498613
4,30.43492547,-9.55498613,30.43475088,-9.55517005
4,30.43475088,-9.55517005,30.43475982,-9.55529304
4,30.43475982,-9.55529304,30.43594149,-9.55564916
4,30.43594149,-9.55564916,30.4362634,-9.55512032
4,30.4362634,-9.55512032,30.43641346,-9.55426559
4,30.43641346,-9.55426559,30.43615503,-9.55408755
4,30.43615503,-9.55408755,30.43584959,-9.55319954
4,30.43584959,-9.55319954,30.43595365,-9.55227088
4,30.43595365,-9.55227088,30.43571652,-9.55218305
4,30.43571652,-9.55218305,30.43511033,-9.55168435
4,30.43511033,-9.55168435,30.43459726,-9.55098382
4,30.43459726,-9.55098382,30.43301878,-9.54947137
4,30.43301878,-9.54947137,30.43425451,-9.54773681
4,30.43425451,-9.54773681,30.43573928,-9.54832018
4,30.43573928,-9.54832018,30.43592822,-9.55051402
4,30.43592822,-9.55051402,30.43579353,-9.55135443
4,30.43579353,-9.55135443,30.43824242,-9.553147
4,30.43824242,-9.553147,30.43872079,-9.55359374
4,30.43872079,-9.55359374,30.43924997,-9.55383008
4,30.43924997,-9.55383008,30.43791553,-9.55472406
4,30.43791553,-9.55472406,30.43772738,-9.55447378
4,30.43772738,-9.55447378,30.43752568,-9.5556313
4,30.43752568,-9.5556313,30.43743345,-9.55565552
4,30.43743345,-9.55565552,30.43746372,-9.55666185
4,30.43746372,-9.55666185,30.43759504,-9.55657201
4,30.43759504,-9.55657201,30.43689855,-9.55726355
4,30.43689855,-9.55726355,30.43796777,-9.55995935
4,30.43796777,-9.55995935,30.43798424,-9.56091796
4,30.43798424,-9.56091796,30.43909013,-9.56024171
4,30.43909013,-9.56024171,30.43925447,-9.56029696
4,30.43925447,-9.56029696,30.44046843,-9.55930152
4,30.44046843,-9.55930152,30.44081524,-9.55930493
4,30.44081524,-9.55930493,30.43977467,-9.56217898
4,30.43977467,-9.56217898,30.43762837,-9.56377549
4,30.43762837,-9.56377549,30.43792721,-9.56405099
4,30.43792721,-9.56405099,30.43712387,-9.56416346
4,30.43712387,-9.56416346,30.43646956,-9.56483789
4,30.43646956,-9.56483789,30.43087347,-9.565451
4,30.43087347,-9.565451,30.43029589,-9.56382125
4,30.43029589,-9.56382125,30.43165372,-9.56201425
4,30.43165372,-9.56201425,30.4302631,-9.56115345
4,30.4302631,-9.56115345,30.43030029,-9.56137335
4,30.43030029,-9.56137335,30.43004225,-9.5610936
4,30.43004225,-9.5610936,30.43488783,-9.55429617
4,30.43488783,-9.55429617,30.43519927,-9.55286139
4,30.43519927,-9.55286139,30.43574369,-9.55100789
4,30.43574369,-9.55100789,30.43688504,-9.55072705
4,30.43688504,-9.55072705,30.43658625,-9.55011405
4,30.43658625,-9.55011405,30.43744118,-9.54932467
4,30.43744118,-9.54932467,30.44197164,-9.54734611
4,30.44197164,-9.54734611,30.4425364,-9.54671102
4,30.4425364,-9.54671102,30.4433098,-9.54576563
4,30.4433098,-9.54576563,30.44336682,-9.54569288
4,30.44336682,-9.54569288,30.44367927,-9.54421088
4,30.44367927,-9.54421088,30.44395168,-9.54416796
4,30.44395168,-9.54416796,30.44233109,-9.54404227
4,30.44233109,-9.54404227,30.44263697,-9.5450881
4,30.44263697,-9.5450881,30.44216983,-9.54553207
4,30.44216983,-9.54553207,30.44852205,-9.5529666
4,30.44852205,-9.5529666,30.44208965,-9.56201064
4,30.44208965,-9.56201064,30.43987626,-9.56371659
4,30.43987626,-9.56371659,30.43989553,-9.56358787
4,30.43989553,-9.56358787,30.42995379,-9.58847506
4,30.42995379,-9.58847506,30.41296964,-9.57349153
4,30.41296964,-9.57349153,30.41213,-9.571447
4,30.41213,-9.571447,30.39844586,-9.55035278
4,30.39844586,-9.55035278,30.390433,-9.522205570492089
5,30.390433,-9.522205570492089,30.34961393,-9.54030295
5,30.34961393,-9.54030295,30.34931417,-9.54043052
5,30.34931417,-9.54043052,30.34882412,-9.54085163
5,30.34882412,-9.54085163,30.34931486,-9.54112805
5,30.34931486,-9.54112805,30.34814085,-9.5414751
5,30.34814085,-9.5414751,30.34812715,-9.54181552
5,30.34812715,-9.54181552,30.344747,-9.541866
5,30.344747,-9.541866,30.344643,-9.542114
5,30.344643,-9.542114,30.3458368,-9.54061167
5,30.3458368,-9.54061167,30.34587672,-9.54058029
5,30.34587672,-9.54058029,30.345899,-9.540544
5,30.345899,-9.540544,30.34589679,-9.54056968
5,30.34589679,-9.54056968,30.34583306,-9.54049049
5,30.34583306,-9.54049049,30.345958,-9.540677
5,30.345958,-9.540677,30.346166,-9.540205
5,30.346166,-9.540205,30.34777388,-9.54255728
5,30.34777388,-9.54255728,30.34916371,-9.54717254
5,30.34916371,-9.54717254,30.34909804,-9.54721533
5,30.34909804,-9.54721533,30.34801549,-9.548358
5,30.34801549,-9.548358,30.34976476,-9.54756008
5,30.34976476,-9.54756008,30.34993328,-9.54748616
5,30.34993328,-9.54748616,30.35025631,-9.54725096
5,30.35025631,-9.54725096,30.35059839,-9.54706176
5,30.35059839,-9.54706176,30.35339708,-9.54892838
5,30.35339708,-9.54892838,30.35339218,-9.54793089
5,30.35339218,-9.54793089,30.35275183,-9.54804927
5,30.35275183,-9.54804927,30.35228328,-9.54815177
5,30.35228328,-9.54815177,30.35224689,-9.54783601
5,30.35224689,-9.54783601,30.35266872,-9.5467179
5,30.35266872,-9.5467179,30.35382846,-9.54464132
5,30.35382846,-9.54464132,30.3549851,-9.54544847
5,30.3549851,-9.54544847,30.35578698,-9.54767326
5,30.35578698,-9.54767326,30.35635141,-9.54961306
5,30.35635141,-9.54961306,30.35335591,-9.55007442
5,30.35335591,-9.55007442,30.35172024,-9.55111997
5,30.35172024,-9.55111997,30.35214533,-9.55185664
5,30.35214533,-9.55185664,30.3517525,-9.55246297
5,30.3517525,-9.55246297,30.35271322,-9.55643026
5,30.35271322,-9.55643026,30.35259316,-9.55835733
5,30.35259316,-9.55835733,30.35261104,-9.55835061
5,30.35261104,-9.55835061,30.35227,-9.55825377
5,30.35227,-9.55825377,30.3520141,-9.55914703
5,30.3520141,-9.55914703,30.35131605,-9.55917743
5,30.35131605,-9.55917743,30.35028928,-9.55818158
5,30.35028928,-9.55818158,30.35135414,-9.55793301
5,30.35135414,-9.55793301,30.3514866,-9.55807843
5,30.3514866,-9.55807843,30.3513418,-9.55856501
5,30.3513418,-9.55856501,30.35190339,-9.55689061
5,30.35190339,-9.55689061,30.35134843,-9.55627935
5,30.35134843,-9.55627935,30.35114141,-9.55636462
5,30.35114141,-9.55636462,30.35092875,-9.55528366
5,30.35092875,-9.55528366,30.34859021,-9.55571144
5,30.34859021,-9.55571144,30.34896565,-9.55677874
5,30.34896565,-9.55677874,30.34885567,-9.55549941
5,30.34885567,-9.55549941,30.34557941,-9.55381175
5,30.34557941,-9.55381175,30.34804081,-9.55792055
5,30.34804081,-9.55792055,30.3480791,-9.55837562
5,30.3480791,-9.55837562,30.34769759,-9.55957012
5,30.34769759,-9.55957012,30.34880225,-9.55949631
5,30.34880225,-9.55949631,30.3487369,-9.55981494
5,30.3487369,-9.55981494,30.34891638,-9.55971061
5,30.34891638,-9.55971061,30.34974799,-9.55913542
5,30.34974799,-9.55913542,30.34966851,-9.5595182
5,30.34966851,-9.5595182,30.35036848,-9.55985774
5,30.35036848,-9.55985774,30.3507208,-9.55999867
5,30.3507208,-9.55999867,30.35135715,-9.55994123
5,30.35135715,-9.55994123,30.3522611,-9.56005262
5,30.3522611,-9.56005262,30.35300127,-9.55998227
5,30.35300127,-9.55998227,30.35279205,-9.55944125
5,30.35279205,-9.55944125,30.3526767,-9.55941019
5,30.3526767,-9.55941019,30.35206016,-9.56025438
5,30.35206016,-9.56025438,30.35200615,-9.56025962
5,30.35200615,-9.56025962,30.35205991,-9.56049622
5,30.35205991,-9.56049622,30.3529259,-9.56135226
5,30.3529259,-9.56135226,30.35342131,-9.56099764
5,30.35342131,-9.56099764,30.35405079,-9.55817419
5,30.35405079,-9.55817419,30.35415974,-9.55762202
5,30.35415974,-9.55762202,30.35701628,-9.5517836
5,30.35701628,-9.5517836,30.35774955,-9.55091158
5,30.35774955,-9.55091158,30.35926427,-9.5496428
5,30.35926427,-9.5496428,30.36836888,-9.54520995
5,30.36836888,-9.54520995,30.36902222,-9.54478323
5,30.36902222,-9.54478323,30.3692491,-9.5447651
5,30.3692491,-9.5447651,30.37095577,-9.54468265
5,30.37095577,-9.54468265,30.37173683,-9.54447207
5,30.37173683,-9.54447207,30.37156946,-9.54296559
5,30.37156946,-9.54296559,30.37170005,-9.54276844
5,30.37170005,-9.54276844,30.370343,-9.537899
5,30.370343,-9.537899,30.37114656,-9.53473304
5,30.37114656,-9.53473304,30.390433,-9.522205570492089
6,30.390433,-9.522205570492089,30.37689626,-9.53469499
6,30.37689626,-9.53469499,30.3776448,-9.53569549
6,30.3776448,-9.53569549,30.37641321,-9.53748232
6,30.37641321,-9.53748232,30.37610566,-9.53749149
6,30.37610566,-9.53749149,30.37539482,-9.53769133
6,30.37539482,-9.53769133,30.37537784,-9.53885215
6,30.37537784,-9.53885215,30.37598885,-9.54061864
6,30.37598885,-9.54061864,30.37536972,-9.54115264
6,30.37536972,-9.54115264,30.375186,-9.542538
6,30.375186,-9.542538,30.37606556,-9.5428511
6,30.37606556,-9.5428511,30.37471661,-9.54336049
6,30.37471661,-9.54336049,30.37540497,-9.54367173
6,30.37540497,-9.54367173,30.372685,-9.545617
6,30.372685,-9.545617,30.37272052,-9.5433647
6,30.37272052,-9.5433647,30.37198428,-9.5436369
6,30.37198428,-9.5436369,30.37178224,-9.54366617
6,30.37178224,-9.54366617,30.37176613,-9.54438654
6,30.37176613,-9.54438654,30.37168435,-9.54550278
6,30.37168435,-9.54550278,30.37167201,-9.54636256
6,30.37167201,-9.54636256,30.37174343,-9.54767878
6,30.37174343,-9.54767878,30.37257767,-9.54721697
6,30.37257767,-9.54721697,30.37306048,-9.54747335
6,30.37306048,-9.54747335,30.37433381,-9.54737295
6,30.37433381,-9.54737295,30.37514987,-9.54826044
6,30.37514987,-9.54826044,30.37423645,-9.54907849
6,30.37423645,-9.54907849,30.37244976,-9.5487787
6,30.37244976,-9.5487787,30.37286066,-9.5492521
6,30.37286066,-9.5492521,30.37292218,-9.54980906
6,30.37292218,-9.54980906,30.37314374,-9.54983789
6,30.37314374,-9.54983789,30.3732726,-9.54981621
6,30.3732726,-9.54981621,30.37363109,-9.54972487
6,30.37363109,-9.54972487,30.37409925,-9.55008347
6,30.37409925,-9.55008347,30.37430755,-9.55009277
6,30.37430755,-9.55009277,30.37392279,-9.55115103
6,30.37392279,-9.55115103,30.37326741,-9.55187377
6,30.37326741,-9.55187377,30.37316328,-9.55063379
6,30.37316328,-9.55063379,30.37273119,-9.54980741
6,30.37273119,-9.54980741,30.37253479,-9.54980321
6,30.37253479,-9.54980321,30.37191436,-9.54963523
6,30.37191436,-9.54963523,30.3718445,-9.54937706
6,30.3718445,-9.54937706,30.37162078,-9.54908532
6,30.37162078,-9.54908532,30.37114403,-9.54988621
6,30.37114403,-9.54988621,30.37040655,-9.54794373
6,30.37040655,-9.54794373,30.37038527,-9.54782217
6,30.37038527,-9.54782217,30.37103552,-9.54693302
6,30.37103552,-9.54693302,30.37035106,-9.54591217
6,30.37035106,-9.54591217,30.37035796,-9.54546987
6,30.37035796,-9.54546987,30.3698816,-9.54514605
6,30.3698816,-9.54514605,30.3694957,-9.54521734
6,30.3694957,-9.54521734,30.37063247,-9.54485297
6,30.37063247,-9.54485297,30.37070728,-9.54437522
6,30.37070728,-9.54437522,30.37082387,-9.54416023
6,30.37082387,-9.54416023,30.3702743,-9.54474557
6,30.3702743,-9.54474557,30.37022075,-9.54402405
6,30.37022075,-9.54402405,30.37018243,-9.54380317
6,30.37018243,-9.54380317,30.36948774,-9.5429392
6,30.36948774,-9.5429392,30.36826372,-9.54236689
6,30.36826372,-9.54236689,30.36814097,-9.54196458
6,30.36814097,-9.54196458,30.36841793,-9.54177459
6,30.36841793,-9.54177459,30.36759197,-9.53980099
6,30.36759197,-9.53980099,30.36795092,-9.53959182
6,30.36795092,-9.53959182,30.36801413,-9.53963953
6,30.36801413,-9.53963953,30.36807054,-9.5395851
6,30.36807054,-9.5395851,30.36821811,-9.53908558
6,30.36821811,-9.53908558,30.36814832,-9.53831789
6,30.36814832,-9.53831789,30.36955291,-9.53988021
6,30.36955291,-9.53988021,30.3689919,-9.54040272
6,30.3689919,-9.54040272,30.36946672,-9.54112802
6,30.36946672,-9.54112802,30.36977942,-9.54106641
6,30.36977942,-9.54106641,30.37101483,-9.54169235
6,30.37101483,-9.54169235,30.37150152,-9.54150429
6,30.37150152,-9.54150429,30.37129915,-9.54181565
6,30.37129915,-9.54181565,30.37105856,-9.54109865
6,30.37105856,-9.54109865,30.37062914,-9.54019869
6,30.37062914,-9.54019869,30.37051365,-9.53989388
6,30.37051365,-9.53989388,30.37127001,-9.53987916
6,30.37127001,-9.53987916,30.37151642,-9.53960565
6,30.37151642,-9.53960565,30.37202739,-9.54047494
6,30.37202739,-9.54047494,30.37280018,-9.54059126
6,30.37280018,-9.54059126,30.37193576,-9.53973439
6,30.37193576,-9.53973439,30.37073297,-9.5390767
6,30.37073297,-9.5390767,30.37177875,-9.53804914
6,30.37177875,-9.53804914,30.37155441,-9.53438423
6,30.37155441,-9.53438423,30.37230994,-9.53281418
6,30.37230994,-9.53281418,30.37107676,-9.52813732
6,30.37107676,-9.52813732,30.3696569,-9.52788749
6,30.3696569,-9.52788749,30.37015873,-9.52668666
6,30.37015873,-9.52668666,30.36955793,-9.52504451
6,30.36955793,-9.52504451,30.37268245,-9.52470807
6,30.37268245,-9.52470807,30.37400112,-9.52443316
6,30.37400112,-9.52443316,30.37647374,-9.52458953
6,30.37647374,-9.52458953,30.390433,-9.522205570492089
7,30.390433,-9.522205570492089,30.39784549,-9.53244753
7,30.39784549,-9.53244753,30.39909624,-9.53989646
7,30.39909624,-9.53989646,30.405784,-9.54303
7,30.405784,-9.54303,30.407017,-9.54347054
7,30.407017,-9.54347054,30.41040573,-9.54828881
7,30.41040573,-9.54828881,30.41026224,-9.54839823
7,30.41026224,-9.54839823,30.41049521,-9.54904129
7,30.41049521,-9.54904129,30.41066306,-9.54890542
7,30.41066306,-9.54890542,30.41205948,-9.54953762
7,30.41205948,-9.54953762,30.41251532,-9.55071701
7,30.41251532,-9.55071701,30.41272817,-9.55098624
7,30.41272817,-9.55098624,30.41588228,-9.55344505
7,30.41588228,-9.55344505,30.41621199,-9.55446343
7,30.41621199,-9.55446343,30.4173197631,-9.5582341582
7,30.4173197631,-9.5582341582,30.42163955,-9.55999748
7,30.42163955,-9.55999748,30.42204695,-9.56034344
7,30.42204695,-9.56034344,30.42278036,-9.56165514
7,30.42278036,-9.56165514,30.42116171,-9.5619275
7,30.42116171,-9.5619275,30.42207138,-9.56581774
7,30.42207138,-9.56581774,30.42310355,-9.56646511
7,30.42310355,-9.56646511,30.42343512,-9.56729546
7,30.42343512,-9.56729546,30.42357969,-9.56802068
7,30.42357969,-9.56802068,30.42356938,-9.56805362
7,30.42356938,-9.56805362,30.42330104,-9.56826296
7,30.42330104,-9.56826296,30.42476076,-9.56685158
7,30.42476076,-9.56685158,30.42552153,-9.56701919
7,30.42552153,-9.56701919,30.42538041,-9.5675848
7,30.42538041,-9.5675848,30.42626228,-9.56662128
7,30.42626228,-9.56662128,30.42467934,-9.56526413
7,30.42467934,-9.56526413,30.42454812,-9.56451797
7,30.42454812,-9.56451797,30.42425839,-9.56508394
7,30.42425839,-9.56508394,30.42428703,-9.56534328
7,30.42428703,-9.56534328,30.42320202,-9.56567449
7,30.42320202,-9.56567449,30.42085965,-9.56547803
7,30.42085965,-9.56547803,30.42060855,-9.56630367
7,30.42060855,-9.56630367,30.42060516,-9.56630801
7,30.42060516,-9.56630801,30.42047606,-9.5667213
7,30.42047606,-9.5667213,30.42015452,-9.56652399
7,30.42015452,-9.56652399,30.42041923,-9.56677656
7,30.42041923,-9.56677656,30.4216477,-9.56799641
7,30.4216477,-9.56799641,30.42020102,-9.56865723
7,30.42020102,-9.56865723,30.42020737,-9.56867205
7,30.42020737,-9.56867205,30.42019423,-9.56868083
7,30.42019423,-9.56868083,30.42016509,-9.56861125
7,30.42016509,-9.56861125,30.41899339,-9.56877955
7,30.41899339,-9.56877955,30.4184877,-9.56805365
7,30.4184877,-9.56805365,30.4186082,-9.56919093
7,30.4186082,-9.56919093,30.41872792,-9.56262374
7,30.41872792,-9.56262374,30.41867546,-9.56249398
7,30.41867546,-9.56249398,30.41676847,-9.5649011
7,30.41676847,-9.5649011,30.41676847,-9.5649011
7,30.41676847,-9.5649011,30.41571636,-9.56914361
7,30.41571636,-9.56914361,30.41572562,-9.56923837
7,30.41572562,-9.56923837,30.4157201,-9.56952288
7,30.4157201,-9.56952288,30.41580247,-9.56972743
7,30.41580247,-9.56972743,30.41624654,-9.56942802
7,30.41624654,-9.56942802,30.41818066,-9.57036419
7,30.41818066,-9.57036419,30.41875626,-9.57159723
7,30.41875626,-9.57159723,30.41902785,-9.57125248
7,30.41902785,-9.57125248,30.4211103,-9.57048475
7,30.4211103,-9.57048475,30.42103473,-9.56956776
7,30.42103473,-9.56956776,30.4230563,-9.56962198
7,30.4230563,-9.56962198,30.42592308,-9.56982751
7,30.42592308,-9.56982751,30.42753725,-9.57137837
7,30.42753725,-9.57137837,30.42950288,-9.57467499
7,30.42950288,-9.57467499,30.42982993,-9.57500005
7,30.42982993,-9.57500005,30.43072965,-9.57666418
7,30.43072965,-9.57666418,30.4313623,-9.5769694
7,30.4313623,-9.5769694,30.43174648,-9.5790908
7,30.43174648,-9.5790908,30.43130588,-9.57821453
7,30.43130588,-9.57821453,30.43050007,-9.57939258
7,30.43050007,-9.57939258,30.4307741,-9.58017423
7,30.4307741,-9.58017423,30.4304611,-9.58051692
7,30.4304611,-9.58051692,30.43021338,-9.58085623
7,30.43021338,-9.58085623,30.43013949,-9.58101012
7,30.43013949,-9.58101012,30.42946104,-9.58120731
7,30.42946104,-9.58120731,30.4295303,-9.5812329
7,30.4295303,-9.5812329,30.43055023,-9.58203004
7,30.43055023,-9.58203004,30.43075438,-9.5820899
7,30.43075438,-9.5820899,30.43093239,-9.58116181
7,30.43093239,-9.58116181,30.43323319,-9.58088679
7,30.43323319,-9.58088679,30.43300908,-9.5804552
7,30.43300908,-9.5804552,30.43295896,-9.57875048
7,30.43295896,-9.57875048,30.43231221,-9.57740534
7,30.43231221,-9.57740534,30.43237342,-9.57667414
7,30.43237342,-9.57667414,30.431891,-9.575658
7,30.431891,-9.575658,30.43178597,-9.57434411
7,30.43178597,-9.57434411,30.42819127,-9.5676957
7,30.42819127,-9.5676957,30.390433,-9.522205570492089
8,30.390433,-9.522205570492089,30.3972495,-9.53112967
8,30.3972495,-9.53112967,30.396411,-9.531804
8,30.396411,-9.531804,30.40279325,-9.5427326
8,30.40279325,-9.5427326,30.402777,-9.542702
8,30.402777,-9.542702,30.402777,-9.542702
8,30.402777,-9.542702,30.403336,-9.548361
8,30.403336,-9.548361,30.40345505,-9.54913638
8,30.40345505,-9.54913638,30.4035538,-9.55059757
8,30.4035538,-9.55059757,30.405516,-9.550302
8,30.405516,-9.550302,30.40524137,-9.55022313
8,30.40524137,-9.55022313,30.40724014,-9.54855266
8,30.40724014,-9.54855266,30.40907559,-9.54792075
8,30.40907559,-9.54792075,30.40904829,-9.54870587
8,30.40904829,-9.54870587,30.40937116,-9.54871434
8,30.40937116,-9.54871434,30.4107539,-9.54941146
8,30.4107539,-9.54941146,30.4109732,-9.54992544
8,30.4109732,-9.54992544,30.41102871,-9.550025
8,30.41102871,-9.550025,30.41122359,-9.55044573
8,30.41122359,-9.55044573,30.41122777,-9.55045174
8,30.41122777,-9.55045174,30.4131121,-9.5490309
8,30.4131121,-9.5490309,30.41420911,-9.5473875
8,30.41420911,-9.5473875,30.4127146,-9.55009322
8,30.4127146,-9.55009322,30.41198937,-9.55053294
8,30.41198937,-9.55053294,30.41311583,-9.55190238
8,30.41311583,-9.55190238,30.41311338,-9.55188811
8,30.41311338,-9.55188811,30.4121633,-9.55171974
8,30.4121633,-9.55171974,30.41216364,-9.55172073
8,30.41216364,-9.55172073,30.41144859,-9.55185311
8,30.41144859,-9.55185311,30.4116083,-9.55155073
8,30.4116083,-9.55155073,30.4109936076,-9.5536198882
8,30.4109936076,-9.5536198882,30.41083858,-9.55394146
8,30.41083858,-9.55394146,30.41076807,-9.55463217
8,30.41076807,-9.55463217,30.41050952,-9.55517936
8,30.41050952,-9.55517936,30.40968258,-9.55498955
8,30.40968258,-9.55498955,30.40838452,-9.55584215
8,30.40838452,-9.55584215,30.40815279,-9.55643597
8,30.40815279,-9.55643597,30.40972997,-9.55701168
8,30.40972997,-9.55701168,30.41162512,-9.55705183
8,30.41162512,-9.55705183,30.41159786,-9.55707489
8,30.41159786,-9.55707489,30.41263725,-9.55738483
8,30.41263725,-9.55738483,30.4133846,-9.55801922
8,30.4133846,-9.55801922,30.41338051,-9.55822584
8,30.41338051,-9.55822584,30.41317293,-9.55923235
8,30.41317293,-9.55923235,30.41101441,-9.55814686
8,30.41101441,-9.55814686,30.41126758,-9.5591386
8,30.41126758,-9.5591386,30.40932253,-9.56406872
8,30.40932253,-9.56406872,30.40801146,-9.56389695
8,30.40801146,-9.56389695,30.41056949,-9.56717341
8,30.41056949,-9.56717341,30.41090851,-9.5678489
8,30.41090851,-9.5678489,30.41154569,-9.56870472
8,30.41154569,-9.56870472,30.41266586,-9.56834146
8,30.41266586,-9.56834146,30.41500253,-9.56979493
8,30.41500253,-9.56979493,30.41560303,-9.57111365
8,30.41560303,-9.57111365,30.416505,-9.57236439
8,30.416505,-9.57236439,30.41661752,-9.57261807
8,30.41661752,-9.57261807,30.41650639,-9.57324559
8,30.41650639,-9.57324559,30.41777589,-9.57146439
8,30.41777589,-9.57146439,30.41812421,-9.57195189
8,30.41812421,-9.57195189,30.41825079,-9.57230251
8,30.41825079,-9.57230251,30.41823302,-9.57244667
8,30.41823302,-9.57244667,30.41850211,-9.57257953
8,30.41850211,-9.57257953,30.41990299,-9.57184177
8,30.41990299,-9.57184177,30.42036683,-9.57215228
8,30.42036683,-9.57215228,30.42068833,-9.57287393
8,30.42068833,-9.57287393,30.42194717,-9.57278288
8,30.42194717,-9.57278288,30.42179246,-9.57254303
8,30.42179246,-9.57254303,30.42165375,-9.57232496
8,30.42165375,-9.57232496,30.4222207,-9.57179459
8,30.4222207,-9.57179459,30.42241737,-9.57219937
8,30.42241737,-9.57219937,30.42300305,-9.57184218
8,30.42300305,-9.57184218,30.42309252,-9.57172139
8,30.42309252,-9.57172139,30.42306,-9.57211175
8,30.42306,-9.57211175,30.42332173,-9.57183034
8,30.42332173,-9.57183034,30.42325696,-9.57487275
8,30.42325696,-9.57487275,30.42501376,-9.57407653
8,30.42501376,-9.57407653,30.42693113,-9.57618924
8,30.42693113,-9.57618924,30.42659714,-9.57741926
8,30.42659714,-9.57741926,30.42671614,-9.5775435
8,30.42671614,-9.5775435,30.42681874,-9.5778858
8,30.42681874,-9.5778858,30.42597847,-9.57961746
8,30.42597847,-9.57961746,30.42709476,-9.57813794
8,30.42709476,-9.57813794,30.42782494,-9.57886225
8,30.42782494,-9.57886225,30.42808125,-9.57869191
8,30.42808125,-9.57869191,30.42804044,-9.57760929
8,30.42804044,-9.57760929,30.42805753,-9.57703961
8,30.42805753,-9.57703961,30.42793752,-9.57690858
8,30.42793752,-9.57690858,30.42954095,-9.57562069
8,30.42954095,-9.57562069,30.43079228,-9.57526858
8,30.43079228,-9.57526858,30.43102042,-9.57503332
8,30.43102042,-9.57503332,30.43066685,-9.57402288
8,30.43066685,-9.57402288,30.42852469,-9.55600419
8,30.42852469,-9.55600419,30.390433,-9.522205570492089
9,30.390433,-9.522205570492089,30.39797196,-9.55191996
9,30.39797196,-9.55191996,30.397855,-9.555755
9,30.397855,-9.555755,30.39966646,-9.55848141
9,30.39966646,-9.55848141,30.400091,-9.560643
9,30.400091,-9.560643,30.40021085,-9.56060082
9,30.40021085,-9.56060082,30.399095,-9.561511
9,30.399095,-9.561511,30.398619,-9.561918
9,30.398619,-9.561918,30.40195328,-9.57289542
9,30.40195328,-9.57289542,30.39749769,-9.57584295
9,30.39749769,-9.57584295,30.407818,-9.581083
9,30.407818,-9.581083,30.40879605,-9.58164557
9,30.40879605,-9.58164557,30.40878768,-9.58158731
9,30.40878768,-9.58158731,30.40828695,-9.58091368
9,30.40828695,-9.58091368,30.4087392,-9.57949689
9,30.4087392,-9.57949689,30.40959962,-9.57898992
9,30.40959962,-9.57898992,30.40953342,-9.5779356
9,30.40953342,-9.5779356,30.40947778,-9.57773235
9,30.40947778,-9.57773235,30.41049503,-9.57750548
9,30.41049503,-9.57750548,30.41053186,-9.57502858
9,30.41053186,-9.57502858,30.41120355,-9.57452164
9,30.41120355,-9.57452164,30.41127359,-9.57352053
9,30.41127359,-9.57352053,30.4112319,-9.57302179
9,30.4112319,-9.57302179,30.41128598,-9.57226711
9,30.41128598,-9.57226711,30.41064371,-9.57215333
9,30.41064371,-9.57215333,30.41044952,-9.57394662
9,30.41044952,-9.57394662,30.40988551,-9.57459192
9,30.40988551,-9.57459192,30.40987719,-9.57507852
9,30.40987719,-9.57507852,30.40979339,-9.57436922
9,30.40979339,-9.57436922,30.40862319,-9.57360319
9,30.40862319,-9.57360319,30.407419,-9.575605
9,30.407419,-9.575605,30.40733583,-9.57691422
9,30.40733583,-9.57691422,30.41153941,-9.57936304
9,30.41153941,-9.57936304,30.411481,-9.583477
9,30.411481,-9.583477,30.4125984,-9.58294276
9,30.4125984,-9.58294276,30.413788,-9.58349
9,30.413788,-9.58349,30.412743,-9.588581
9,30.412743,-9.588581,30.412795,-9.588438
9,30.412795,-9.588438,30.412626,-9.588369
9,30.412626,-9.588369,30.412121,-9.589328
9,30.412121,-9.589328,30.411857,-9.589152
9,30.411857,-9.589152,30.41109217,-9.58865622
9,30.41109217,-9.58865622,30.410948,-9.588685
9,30.410948,-9.588685,30.410379,-9.588176
9,30.410379,-9.588176,30.410823,-9.587619
9,30.410823,-9.587619,30.410222,-9.586969
9,30.410222,-9.586969,30.410036,-9.58682
9,30.410036,-9.58682,30.41107045,-9.58618808
9,30.41107045,-9.58618808,30.413275,-9.587598
9,30.413275,-9.587598,30.41359,-9.590506
9,30.41359,-9.590506,30.413507,-9.59128
9,30.413507,-9.59128,30.41489,-9.592119
9,30.41489,-9.592119,30.415482,-9.592479
9,30.415482,-9.592479,30.41556,-9.594547
9,30.41556,-9.594547,30.416672,-9.595803
9,30.416672,-9.595803,30.41903949,-9.59638572
9,30.41903949,-9.59638572,30.41868471,-9.59472819
9,30.41868471,-9.59472819,30.42022395,-9.59727737
9,30.42022395,-9.59727737,30.41984329,-9.59722114
9,30.41984329,-9.59722114,30.41898,-9.596544
9,30.41898,-9.596544,30.416015,-9.595231
9,30.416015,-9.595231,30.41476857,-9.59435296
9,30.41476857,-9.59435296,30.41143886,-9.59147815
9,30.41143886,-9.59147815,30.412211,-9.590217
9,30.412211,-9.590217,30.412967,-9.589904
9,30.412967,-9.589904,30.413645,-9.590085
9,30.413645,-9.590085,30.414256,-9.59025
9,30.414256,-9.59025,30.414554,-9.589382
9,30.414554,-9.589382,30.415223,-9.589062
9,30.415223,-9.589062,30.422645,-9.594561
9,30.422645,-9.594561,30.424052,-9.593899
9,30.424052,-9.593899,30.42762749,-9.59036833
9,30.42762749,-9.59036833,30.42673738,-9.58666385
9,30.42673738,-9.58666385,30.4263096,-9.58530902
9,30.4263096,-9.58530902,30.42675707,-9.58450241
9,30.42675707,-9.58450241,30.42308189,-9.58501367
9,30.42308189,-9.58501367,30.41325716,-9.57670041
9,30.41325716,-9.57670041,30.41349347,-9.57512332
9,30.41349347,-9.57512332,30.4010083333,-9.5465133333
9,30.4010083333,-9.5465133333,30.40063249,-9.53646626
9,30.40063249,-9.53646626,30.40041592,-9.53666774
9,30.40041592,-9.53666774,30.390433,-9.522205570492089
10,30.390433,-9.522205570492089,30.380935,-9.514258
10,30.380935,-9.514258,30.38045075,-9.51407949
10,30.38045075,-9.51407949,30.3773,-9.508432
10,30.3773,-9.508432,30.34917611,-9.50581637
10,30.34917611,-9.50581637,30.348562,-9.504579
10,30.348562,-9.504579,30.34599947,-9.50325366
10,30.34599947,-9.50325366,30.34438969,-9.50368705
10,30.34438969,-9.50368705,30.34162206,-9.5044777
10,30.34162206,-9.5044777,30.34114001,-9.50458604
10,30.34114001,-9.50458604,30.34135311,-9.50446211
10,30.34135311,-9.50446211,30.34237004,-9.50370863
10,30.34237004,-9.50370863,30.34369477,-9.5042905
10,30.34369477,-9.5042905,30.34362539,-9.50481925
10,30.34362539,-9.50481925,30.3435187,-9.50677295
10,30.3435187,-9.50677295,30.3437078,-9.50589986
10,30.3437078,-9.50589986,30.34445072,-9.50621468
10,30.34445072,-9.50621468,30.34477455,-9.50617245
10,30.34477455,-9.50617245,30.3452782,-9.50618187
10,30.3452782,-9.50618187,30.3456130362,-9.5061718742
10,30.3456130362,-9.5061718742,30.34592619,-9.50564282
10,30.34592619,-9.50564282,30.3454533333,-9.504845
10,30.3454533333,-9.504845,30.34557515,-9.50576495
10,30.34557515,-9.50576495,30.34687544,-9.50510129
10,30.34687544,-9.50510129,30.34753587,-9.50495439
10,30.34753587,-9.50495439,30.34769597,-9.50474539
10,30.34769597,-9.50474539,30.34774122,-9.50484364
10,30.34774122,-9.50484364,30.348376,-9.504922
10,30.348376,-9.504922,30.34859003,-9.50495299
10,30.34859003,-9.50495299,30.34858502,-9.50429687
10,30.34858502,-9.50429687,30.34857197,-9.50408062
10,30.34857197,-9.50408062,30.34514566,-9.50286033
10,30.34514566,-9.50286033,30.3417616667,-9.5027816667
10,30.3417616667,-9.5027816667,30.339224,-9.502243
10,30.339224,-9.502243,30.33868477,-9.50216059
10,30.33868477,-9.50216059,30.33881494,-9.50120498
10,30.33881494,-9.50120498,30.338302,-9.501937
10,30.338302,-9.501937,30.33565163,-9.50174949
10,30.33565163,-9.50174949,30.334895,-9.5007466667
10,30.334895,-9.5007466667,30.333529,-9.500361
10,30.333529,-9.500361,30.330803,-9.499841
10,30.330803,-9.499841,30.330829,-9.499162
10,30.330829,-9.499162,30.33000596,-9.4993702
10,30.33000596,-9.4993702,30.331395,-9.499327
10,30.331395,-9.499327,30.331557,-9.498602
10,30.331557,-9.498602,30.331514,-9.498007
10,30.331514,-9.498007,30.331123,-9.497598
10,30.331123,-9.497598,30.332799,-9.497027
10,30.332799,-9.497027,30.333905,-9.496559
10,30.333905,-9.496559,30.334446,-9.496505
10,30.334446,-9.496505,30.337011,-9.50001
10,30.337011,-9.50001,30.337089,-9.500344
10,30.337089,-9.500344,30.338461,-9.49820944
10,30.338461,-9.49820944,30.33823864,-9.49964541
10,30.33823864,-9.49964541,30.338502,-9.499336
10,30.338502,-9.499336,30.34041674,-9.50031653
10,30.34041674,-9.50031653,30.341088,-9.50108
10,30.341088,-9.50108,30.341546,-9.501719
10,30.341546,-9.501719,30.34162,-9.501464
10,30.34162,-9.501464,30.34142732,-9.49972948
10,30.34142732,-9.49972948,30.341815,-9.4973333333
10,30.341815,-9.4973333333,30.34177838,-9.49724708
10,30.34177838,-9.49724708,30.34254969,-9.49635562
10,30.34254969,-9.49635562,30.342594,-9.496001
10,30.342594,-9.496001,30.343026,-9.493951
10,30.343026,-9.493951,30.342915,-9.4938833333
10,30.342915,-9.4938833333,30.34304,-9.493626
10,30.34304,-9.493626,30.343117,-9.493186
10,30.343117,-9.493186,30.34678869,-9.49118231
10,30.34678869,-9.49118231,30.34763043,-9.49118735
10,30.34763043,-9.49118735,30.34888921,-9.49207616
10,30.34888921,-9.49207616,30.34948765,-9.49173658
10,30.34948765,-9.49173658,30.35013297,-9.49073001
10,30.35013297,-9.49073001,30.35090904,-9.4928383
10,30.35090904,-9.4928383,30.35029213,-9.49325803
10,30.35029213,-9.49325803,30.35297849,-9.49409926
10,30.35297849,-9.49409926,30.35304865,-9.49380624
10,30.35304865,-9.49380624,30.35482239,-9.49334854
10,30.35482239,-9.49334854,30.35392846,-9.49387831
10,30.35392846,-9.49387831,30.3538896,-9.49418758
10,30.3538896,-9.49418758,30.35354599,-9.49446828
10,30.35354599,-9.49446828,30.3530339,-9.49520194
10,30.3530339,-9.49520194,30.35277203,-9.49526789
10,30.35277203,-9.49526789,30.35271488,-9.49543431
10,30.35271488,-9.49543431,30.390433,-9.522205570492089
11,30.390433,-9.522205570492089,30.34678811,-9.50734539
11,30.34678811,-9.50734539,30.34668448,-9.5071544
11,30.34668448,-9.5071544,30.34578913,-9.50837878
11,30.34578913,-9.50837878,30.34669337,-9.5084064
11,30.34669337,-9.5084064,30.34793863,-9.50868935
11,30.34793863,-9.50868935,30.3479977,-9.50858475
11,30.3479977,-9.50858475,30.34837611,-9.50860985
11,30.34837611,-9.50860985,30.34809471,-9.51404094
11,30.34809471,-9.51404094,30.34812349,-9.51404607
11,30.34812349,-9.51404607,30.348263,-9.518685
11,30.348263,-9.518685,30.34741815,-9.518552
11,30.34741815,-9.518552,30.34565487,-9.51873231
11,30.34565487,-9.51873231,30.34698072,-9.51668287
11,30.34698072,-9.51668287,30.34257002,-9.5146203
11,30.34257002,-9.5146203,30.34275918,-9.51500335
11,30.34275918,-9.51500335,30.33847415,-9.51257565
11,30.33847415,-9.51257565,30.33786979,-9.51146884
11,30.33786979,-9.51146884,30.33789843,-9.51144515
11,30.33789843,-9.51144515,30.33831294,-9.50536105
11,30.33831294,-9.50536105,30.33845083,-9.50396146
11,30.33845083,-9.50396146,30.33849782,-9.50405116
11,30.33849782,-9.50405116,30.3373433333,-9.5042683333
11,30.3373433333,-9.5042683333,30.33501723,-9.50415598
11,30.33501723,-9.50415598,30.333834,-9.5061
11,30.333834,-9.5061,30.33275233,-9.50679296
11,30.33275233,-9.50679296,30.33207638,-9.50555656
11,30.33207638,-9.50555656,30.33188024,-9.50412761
11,30.33188024,-9.50412761,30.329794,-9.504177
11,30.329794,-9.504177,30.32945991,-9.50549136
11,30.32945991,-9.50549136,30.33011574,-9.50676755
11,30.33011574,-9.50676755,30.33067001,-9.50779717
11,30.33067001,-9.50779717,30.33344526,-9.50976168
11,30.33344526,-9.50976168,30.33405071,-9.50872031
11,30.33405071,-9.50872031,30.33385061,-9.50678788
11,30.33385061,-9.50678788,30.3344044,-9.50669725
11,30.3344044,-9.50669725,30.3344919,-9.50540238
11,30.3344919,-9.50540238,30.33579995,-9.50519001
11,30.33579995,-9.50519001,30.33632136,-9.5047193
11,30.33632136,-9.5047193,30.336805,-9.505596
11,30.336805,-9.505596,30.33733301,-9.50642402
11,30.33733301,-9.50642402,30.33856341,-9.50643629
11,30.33856341,-9.50643629,30.34049402,-9.508571
11,30.34049402,-9.508571,30.340428,-9.508536
11,30.340428,-9.508536,30.34205335,-9.5070189
11,30.34205335,-9.5070189,30.34114795,-9.50604236
11,30.34114795,-9.50604236,30.34187341,-9.50421815
11,30.34187341,-9.50421815,30.34230454,-9.50352104
11,30.34230454,-9.50352104,30.34232585,-9.50298669
11,30.34232585,-9.50298669,30.34256834,-9.50230326
11,30.34256834,-9.50230326,30.34262779,-9.50228532
11,30.34262779,-9.50228532,30.34339917,-9.50197696
11,30.34339917,-9.50197696,30.34370583,-9.50150588
11,30.34370583,-9.50150588,30.344166,-9.500827
11,30.344166,-9.500827,30.34420939,-9.50059977
11,30.34420939,-9.50059977,30.344638,-9.50008417
11,30.344638,-9.50008417,30.34477964,-9.49982005
11,30.34477964,-9.49982005,30.34494746,-9.49803612
11,30.34494746,-9.49803612,30.344224,-9.498374
11,30.344224,-9.498374,30.3438533333,-9.497685
11,30.3438533333,-9.497685,30.344299,-9.496723
11,30.344299,-9.496723,30.34355146,-9.4956725
11,30.34355146,-9.4956725,30.343464,-9.495639
11,30.343464,-9.495639,30.342389,-9.494763
11,30.342389,-9.494763,30.3427466667,-9.4946866667
11,30.3427466667,-9.4946866667,30.3427916667,-9.494525
11,30.3427916667,-9.494525,30.34400527,-9.49454067
11,30.34400527,-9.49454067,30.344058,-9.494578
11,30.344058,-9.494578,30.344198,-9.494483
11,30.344198,-9.494483,30.34489645,-9.49440849
11,30.34489645,-9.49440849,30.345136,-9.495198
11,30.345136,-9.495198,30.34538365,-9.49554577
11,30.34538365,-9.49554577,30.34565673,-9.49590543
11,30.34565673,-9.49590543,30.34554,-9.496153
11,30.34554,-9.496153,30.34738698,-9.4939933
11,30.34738698,-9.4939933,30.34692286,-9.49527511
11,30.34692286,-9.49527511,30.34699688,-9.49526023
11,30.34699688,-9.49526023,30.3469747,-9.49552443
11,30.3469747,-9.49552443,30.3462183333,-9.4967866667
11,30.3462183333,-9.4967866667,30.34611922,-9.49720405
11,30.34611922,-9.49720405,30.34627924,-9.49730512
11,30.34627924,-9.49730512,30.34695599,-9.49957824
11,30.34695599,-9.49957824,30.34694609,-9.49961028
11,30.34694609,-9.49961028,30.34712837,-9.49972261
11,30.34712837,-9.49972261,30.34697434,-9.50019312
11,30.34697434,-9.50019312,30.346456,-9.501583
11,30.346456,-9.501583,30.34584215,-9.50211325
11,30.34584215,-9.50211325,30.34619024,-9.50223165
11,30.34619024,-9.50223165,30.34613963,-9.50235177
11,30.34613963,-9.50235177,30.390433,-9.522205570492089
12,30.390433,-9.522205570492089,30.37514347,-9.5317801
12,30.37514347,-9.5317801,30.37543439,-9.53418314
12,30.37543439,-9.53418314,30.37478893,-9.53402915
12,30.37478893,-9.53402915,30.37533865,-9.53512759
12,30.37533865,-9.53512759,30.37584515,-9.53502265
12,30.37584515,-9.53502265,30.37606845,-9.53505453
12,30.37606845,-9.53505453,30.37586049,-9.53523252
12,30.37586049,-9.53523252,30.37581998,-9.53618302
12,30.37581998,-9.53618302,30.37628241,-9.53684343
12,30.37628241,-9.53684343,30.37746926,-9.53792811
12,30.37746926,-9.53792811,30.37744715,-9.53835801
12,30.37744715,-9.53835801,30.37798743,-9.53923469
12,30.37798743,-9.53923469,30.37750874,-9.53923455
12,30.37750874,-9.53923455,30.37747807,-9.53917697
12,30.37747807,-9.53917697,30.37736626,-9.53940167
12,30.37736626,-9.53940167,30.37706661,-9.53928445
12,30.37706661,-9.53928445,30.37691793,-9.53896888
12,30.37691793,-9.53896888,30.37641173,-9.53932255
12,30.37641173,-9.53932255,30.37538689,-9.53943277
12,30.37538689,-9.53943277,30.37400605,-9.53955768
12,30.37400605,-9.53955768,30.37409023,-9.53943331
12,30.37409023,-9.53943331,30.37432161,-9.53742995
12,30.37432161,-9.53742995,30.374246,-9.535587
12,30.374246,-9.535587,30.3731674,-9.5358143
12,30.3731674,-9.5358143,30.37309238,-9.53602672
12,30.37309238,-9.53602672,30.37003357,-9.53585582
12,30.37003357,-9.53585582,30.36978021,-9.53600926
12,30.36978021,-9.53600926,30.36968993,-9.53607068
12,30.36968993,-9.53607068,30.3689705,-9.53426813
12,30.3689705,-9.53426813,30.36889465,-9.53351247
12,30.36889465,-9.53351247,30.36889582,-9.53337613
12,30.36889582,-9.53337613,30.364086,-9.531196
12,30.364086,-9.531196,30.36434131,-9.52788247
12,30.36434131,-9.52788247,30.36360776,-9.52672802
12,30.36360776,-9.52672802,30.36410992,-9.52595579
12,30.36410992,-9.52595579,30.36413438,-9.52598608
12,30.36413438,-9.52598608,30.3645359167,-9.5263170167
12,30.3645359167,-9.5263170167,30.36494631,-9.52674426
12,30.36494631,-9.52674426,30.36751099,-9.52396779
12,30.36751099,-9.52396779,30.36554732,-9.52328113
12,30.36554732,-9.52328113,30.36330125,-9.52625071
12,30.36330125,-9.52625071,30.36174751,-9.52822603
12,30.36174751,-9.52822603,30.360529,-9.528621
12,30.360529,-9.528621,30.359805,-9.5275966667
12,30.359805,-9.5275966667,30.35993499,-9.52741605
12,30.35993499,-9.52741605,30.3600209,-9.52734931
12,30.3600209,-9.52734931,30.360114,-9.527367
12,30.360114,-9.527367,30.3604733333,-9.5279783333
12,30.3604733333,-9.5279783333,30.360155,-9.527007
12,30.360155,-9.527007,30.3597616667,-9.5263266667
12,30.3597616667,-9.5263266667,30.35873032,-9.52791785
12,30.35873032,-9.52791785,30.35972179,-9.52830718
12,30.35972179,-9.52830718,30.359096,-9.530636
12,30.359096,-9.530636,30.358853,-9.530802
12,30.358853,-9.530802,30.35858898,-9.53037708
12,30.35858898,-9.53037708,30.35864571,-9.53041213
12,30.35864571,-9.53041213,30.35937665,-9.52891594
12,30.35937665,-9.52891594,30.35737907,-9.53188497
12,30.35737907,-9.53188497,30.35724396,-9.53469913
12,30.35724396,-9.53469913,30.357455,-9.536189
12,30.357455,-9.536189,30.35773583,-9.53586153
12,30.35773583,-9.53586153,30.35764742,-9.53664372
12,30.35764742,-9.53664372,30.35630989,-9.53704855
12,30.35630989,-9.53704855,30.354985,-9.537458
12,30.354985,-9.537458,30.3560448,-9.53732753
12,30.3560448,-9.53732753,30.35588939,-9.53618273
12,30.35588939,-9.53618273,30.356004,-9.535813
12,30.356004,-9.535813,30.35661635,-9.53668793
12,30.35661635,-9.53668793,30.35684351,-9.53710465
12,30.35684351,-9.53710465,30.35832514,-9.53859004
12,30.35832514,-9.53859004,30.35837464,-9.5378506
12,30.35837464,-9.5378506,30.36004147,-9.54054898
12,30.36004147,-9.54054898,30.3616206,-9.54134505
12,30.3616206,-9.54134505,30.3614641,-9.5402259
12,30.3614641,-9.5402259,30.36179564,-9.54148705
12,30.36179564,-9.54148705,30.36191879,-9.54133275
12,30.36191879,-9.54133275,30.36189962,-9.54128226
12,30.36189962,-9.54128226,30.36198098,-9.54125905
12,30.36198098,-9.54125905,30.36209653,-9.54005773
12,30.36209653,-9.54005773,30.36184166,-9.53822343
12,30.36184166,-9.53822343,30.36701347,-9.53462702
12,30.36701347,-9.53462702,30.37102589,-9.53386394
12,30.37102589,-9.53386394,30.37108228,-9.53378531
12,30.37108228,-9.53378531,30.372627,-9.530868
12,30.372627,-9.530868,30.390433,-9.522205570492089
13,30.390433,-9.522205570492089,30.38017801,-9.50323306
13,30.38017801,-9.50323306,30.37951626,-9.50274754
13,30.37951626,-9.50274754,30.3794908,-9.50208604
13,30.3794908,-9.50208604,30.3779559,-9.50090966
13,30.3779559,-9.50090966,30.37795022,-9.50091228
13,30.37795022,-9.50091228,30.37635398,-9.50032865
13,30.37635398,-9.50032865,30.3766016,-9.49658197
13,30.3766016,-9.49658197,30.37536362,-9.4968313
13,30.37536362,-9.4968313,30.37322196,-9.49361949
13,30.37322196,-9.49361949,30.373146,-9.493066
13,30.373146,-9.493066,30.37295593,-9.4930317
13,30.37295593,-9.4930317,30.37325422,-9.4924423
13,30.37325422,-9.4924423,30.37484824,-9.49188353
13,30.37484824,-9.49188353,30.37507522,-9.49197514
13,30.37507522,-9.49197514,30.3742166667,-9.4903816667
13,30.3742166667,-9.4903816667,30.37224095,-9.48914119
13,30.37224095,-9.48914119,30.37472722,-9.48886267
13,30.37472722,-9.48886267,30.374669,-9.48903
13,30.374669,-9.48903,30.373892,-9.488645
13,30.373892,-9.488645,30.37390249,-9.48861187
13,30.37390249,-9.48861187,30.37319171,-9.48829509
13,30.37319171,-9.48829509,30.374112,-9.485725
13,30.374112,-9.485725,30.373667,-9.48486
13,30.373667,-9.48486,30.374294,-9.483976
13,30.374294,-9.483976,30.375823,-9.482011
13,30.375823,-9.482011,30.375712,-9.482383
13,30.375712,-9.482383,30.37570546,-9.48255657
13,30.37570546,-9.48255657,30.3761316667,-9.48267
13,30.3761316667,-9.48267,30.37897214,-9.48076699
13,30.37897214,-9.48076699,30.37919563,-9.48060035
13,30.37919563,-9.48060035,30.37905424,-9.48050174
13,30.37905424,-9.48050174,30.37918837,-9.48028382
13,30.37918837,-9.48028382,30.379656,-9.479039
13,30.379656,-9.479039,30.37896642,-9.47847967
13,30.37896642,-9.47847967,30.3790893,-9.47782863
13,30.3790893,-9.47782863,30.37861565,-9.47681493
13,30.37861565,-9.47681493,30.37818618,-9.47712704
13,30.37818618,-9.47712704,30.37805856,-9.47765612
13,30.37805856,-9.47765612,30.37796781,-9.4783665
13,30.37796781,-9.4783665,30.37609,-9.478989
13,30.37609,-9.478989,30.37620441,-9.47332842
13,30.37620441,-9.47332842,30.37695292,-9.47338755
13,30.37695292,-9.47338755,30.37742,-9.472295
13,30.37742,-9.472295,30.37706647,-9.47155301
13,30.37706647,-9.47155301,30.37732261,-9.47149853
13,30.37732261,-9.47149853,30.37704299,-9.47084118
13,30.37704299,-9.47084118,30.37692673,-9.46992483
13,30.37692673,-9.46992483,30.377501,-9.468943
13,30.377501,-9.468943,30.3776283333,-9.46906
13,30.3776283333,-9.46906,30.37789277,-9.47096299
13,30.37789277,-9.47096299,30.378091,-9.471307
13,30.378091,-9.471307,30.37956707,-9.47076024
13,30.37956707,-9.47076024,30.385868,-9.450887
13,30.385868,-9.450887,30.38903149,-9.44785124
13,30.38903149,-9.44785124,30.38660697,-9.43078903
13,30.38660697,-9.43078903,30.38696493,-9.41553565
13,30.38696493,-9.41553565,30.38955922,-9.43402896
13,30.38955922,-9.43402896,30.38791366,-9.43332627
13,30.38791366,-9.43332627,30.38310414,-9.44612921
13,30.38310414,-9.44612921,30.38420809,-9.44764166
13,30.38420809,-9.44764166,30.38595992,-9.4516125
13,30.38595992,-9.4516125,30.38551889,-9.4517138
13,30.38551889,-9.4517138,30.38550667,-9.45175046
13,30.38550667,-9.45175046,30.38056693,-9.46659287
13,30.38056693,-9.46659287,30.37727223,-9.46673146
13,30.37727223,-9.46673146,30.37886092,-9.46633459
13,30.37886092,-9.46633459,30.379861,-9.466542
13,30.379861,-9.466542,30.38050588,-9.47204158
13,30.38050588,-9.47204158,30.38152,-9.473357
13,30.38152,-9.473357,30.38021538,-9.47260412
13,30.38021538,-9.47260412,30.382913,-9.478889
13,30.382913,-9.478889,30.38398242,-9.47991103
13,30.38398242,-9.47991103,30.38303672,-9.48144316
13,30.38303672,-9.48144316,30.38317,-9.480763
13,30.38317,-9.480763,30.38282188,-9.48026649
13,30.38282188,-9.48026649,30.3814124,-9.47967028
13,30.3814124,-9.47967028,30.38201523,-9.47990772
13,30.38201523,-9.47990772,30.38196295,-9.48086972
13,30.38196295,-9.48086972,30.38282712,-9.48121717
13,30.38282712,-9.48121717,30.38231049,-9.48220573
13,30.38231049,-9.48220573,30.383204,-9.48406618
13,30.383204,-9.48406618,30.38340401,-9.48435553
13,30.38340401,-9.48435553,30.38345175,-9.48432949
13,30.38345175,-9.48432949,30.38684,-9.49947
13,30.38684,-9.49947,30.38884707,-9.50780423
13,30.38884707,-9.50780423,30.390433,-9.522205570492089
14,30.390433,-9.522205570492089,30.37702442,-9.52490507
14,30.37702442,-9.52490507,30.37689853,-9.52485681
14,30.37689853,-9.52485681,30.37553452,-9.52380912
14,30.37553452,-9.52380912,30.37492429,-9.52340449
14,30.37492429,-9.52340449,30.376266,-9.526212
14,30.376266,-9.526212,30.37436021,-9.53141068
14,30.37436021,-9.53141068,30.37436,-9.532565
14,30.37436,-9.532565,30.37476658,-9.5327216
14,30.37476658,-9.5327216,30.37362135,-9.5327792
14,30.37362135,-9.5327792,30.37359947,-9.53274684
14,30.37359947,-9.53274684,30.37343564,-9.53275164
14,30.37343564,-9.53275164,30.37320124,-9.5331138
14,30.37320124,-9.5331138,30.37302411,-9.53373142
14,30.37302411,-9.53373142,30.37288314,-9.53377627
14,30.37288314,-9.53377627,30.3723239,-9.53402414
14,30.3723239,-9.53402414,30.3721978,-9.53486754
14,30.3721978,-9.53486754,30.37134285,-9.53587014
14,30.37134285,-9.53587014,30.37128838,-9.53573405
14,30.37128838,-9.53573405,30.36984521,-9.53620412
14,30.36984521,-9.53620412,30.36901408,-9.53774839
14,30.36901408,-9.53774839,30.36904413,-9.53773566
14,30.36904413,-9.53773566,30.36907505,-9.53755677
14,30.36907505,-9.53755677,30.36749631,-9.53713704
14,30.36749631,-9.53713704,30.36704416,-9.53707159
14,30.36704416,-9.53707159,30.3668002,-9.53765634
14,30.3668002,-9.53765634,30.36678435,-9.53768796
14,30.36678435,-9.53768796,30.36679432,-9.53745488
14,30.36679432,-9.53745488,30.36678658,-9.53735266
14,30.36678658,-9.53735266,30.36682448,-9.53734897
14,30.36682448,-9.53734897,30.36674921,-9.53637962
14,30.36674921,-9.53637962,30.36617699,-9.53507026
14,30.36617699,-9.53507026,30.36620897,-9.53407556
14,30.36620897,-9.53407556,30.36624965,-9.53400228
14,30.36624965,-9.53400228,30.36617689,-9.53382226
14,30.36617689,-9.53382226,30.36631962,-9.5333669
14,30.36631962,-9.5333669,30.36087928,-9.53477195
14,30.36087928,-9.53477195,30.36095899,-9.53508318
14,30.36095899,-9.53508318,30.36150719,-9.53597852
14,30.36150719,-9.53597852,30.36065541,-9.53581014
14,30.36065541,-9.53581014,30.3605853,-9.53517803
14,30.3605853,-9.53517803,30.35875839,-9.53505508
14,30.35875839,-9.53505508,30.35875839,-9.53505508
14,30.35875839,-9.53505508,30.35813409,-9.53545602
14,30.35813409,-9.53545602,30.35696594,-9.53440905
14,30.35696594,-9.53440905,30.3570421,-9.53443267
14,30.3570421,-9.53443267,30.35742768,-9.53450063
14,30.35742768,-9.53450063,30.35733374,-9.53458031
14,30.35733374,-9.53458031,30.35680542,-9.53633239
14,30.35680542,-9.53633239,30.35721674,-9.53693193
14,30.35721674,-9.53693193,30.35581628,-9.53873255
14,30.35581628,-9.53873255,30.35553615,-9.53840576
14,30.35553615,-9.53840576,30.35491511,-9.53841355
14,30.35491511,-9.53841355,30.35557171,-9.54025461
14,30.35557171,-9.54025461,30.35559268,-9.54027928
14,30.35559268,-9.54027928,30.35554916,-9.54034724
14,30.35554916,-9.54034724,30.35336777,-9.54003098
14,30.35336777,-9.54003098,30.35296919,-9.53969933
14,30.35296919,-9.53969933,30.35302486,-9.53796786
14,30.35302486,-9.53796786,30.35297662,-9.5377148
14,30.35297662,-9.5377148,30.35304214,-9.53744868
14,30.35304214,-9.53744868,30.35297642,-9.53776711
14,30.35297642,-9.53776711,30.35284106,-9.53795472
14,30.35284106,-9.53795472,30.35272708,-9.53792554
14,30.35272708,-9.53792554,30.35050178,-9.53779508
14,30.35050178,-9.53779508,30.3494016667,-9.5378666667
14,30.3494016667,-9.5378666667,30.34883375,-9.53786925
14,30.34883375,-9.53786925,30.34743608,-9.53807735
14,30.34743608,-9.53807735,30.346848,-9.538003
14,30.346848,-9.538003,30.34574685,-9.53958023
14,30.34574685,-9.53958023,30.34385355,-9.54038559
14,30.34385355,-9.54038559,30.34542112,-9.53985919
14,30.34542112,-9.53985919,30.34518779,-9.5383068
14,30.34518779,-9.5383068,30.344975,-9.538066
14,30.344975,-9.538066,30.346875,-9.5352416667
14,30.346875,-9.5352416667,30.34865552,-9.53681554
14,30.34865552,-9.53681554,30.34876894,-9.53678487
14,30.34876894,-9.53678487,30.34905189,-9.53691903
14,30.34905189,-9.53691903,30.3489933333,-9.535462
14,30.3489933333,-9.535462,30.36652846,-9.53348154
14,30.36652846,-9.53348154,30.36664831,-9.5338164
14,30.36664831,-9.5338164,30.36675416,-9.53408696
14,30.36675416,-9.53408696,30.36799225,-9.53413081
14,30.36799225,-9.53413081,30.36823251,-9.53444829
14,30.36823251,-9.53444829,30.36843602,-9.53415042
14,30.36843602,-9.53415042,30.36904824,-9.53394655
14,30.36904824,-9.53394655,30.36906187,-9.53384408
14,30.36906187,-9.53384408,30.36968349,-9.53373408
14,30.36968349,-9.53373408,30.37012445,-9.53382326
14,30.37012445,-9.53382326,30.37016655,-9.53379158
14,30.37016655,-9.53379158,30.390433,-9.522205570492089
15,30.390433,-9.522205570492089,30.3891371,-9.5364672
15,30.3891371,-9.5364672,30.388733,-9.536264
15,30.388733,-9.536264,30.3905355,-9.54046016
15,30.3905355,-9.54046016,30.39203987,-9.54196333
15,30.39203987,-9.54196333,30.391796,-9.54474
15,30.391796,-9.54474,30.391978,-9.546208
15,30.391978,-9.546208,30.3933883333,-9.5487016667
15,30.3933883333,-9.5487016667,30.39410344,-9.55488922
15,30.39410344,-9.55488922,30.3945645,-9.55427511
15,30.3945645,-9.55427511,30.395637,-9.558313
15,30.395637,-9.558313,30.396387,-9.559147
15,30.396387,-9.559147,30.39638,-9.5589666667
15,30.39638,-9.5589666667,30.39653331,-9.55892309
15,30.39653331,-9.55892309,30.396299,-9.560377
15,30.396299,-9.560377,30.397338,-9.561209
15,30.397338,-9.561209,30.397844,-9.561087
15,30.397844,-9.561087,30.398122,-9.562493
15,30.398122,-9.562493,30.397796,-9.56256
15,30.397796,-9.56256,30.397361,-9.56389
15,30.397361,-9.56389,30.3977,-9.565779
15,30.3977,-9.565779,30.3976416667,-9.5663733333
15,30.3976416667,-9.5663733333,30.397135,-9.567921
15,30.397135,-9.567921,30.396365,-9.571186
15,30.396365,-9.571186,30.39590104,-9.57306183
15,30.39590104,-9.57306183,30.395073,-9.57225
15,30.395073,-9.57225,30.394445,-9.571377
15,30.394445,-9.571377,30.393911,-9.569551
15,30.393911,-9.569551,30.39277,-9.56468
15,30.39277,-9.56468,30.392706,-9.564392
15,30.392706,-9.564392,30.391895,-9.563347
15,30.391895,-9.563347,30.391705,-9.563444
15,30.391705,-9.563444,30.390463,-9.566344
15,30.390463,-9.566344,30.387942,-9.566833
15,30.387942,-9.566833,30.387773,-9.568187
15,30.387773,-9.568187,30.385678,-9.569546
15,30.385678,-9.569546,30.385664,-9.568842
15,30.385664,-9.568842,30.385068,-9.568685
15,30.385068,-9.568685,30.383815,-9.567976
15,30.383815,-9.567976,30.383622,-9.568391
15,30.383622,-9.568391,30.383703,-9.568394
15,30.383703,-9.568394,30.383352,-9.568642
15,30.383352,-9.568642,30.38466,-9.570061
15,30.38466,-9.570061,30.3850116667,-9.5693783333
15,30.3850116667,-9.5693783333,30.385,-9.569389
15,30.385,-9.569389,30.385067,-9.56977
15,30.385067,-9.56977,30.385171,-9.570707
15,30.385171,-9.570707,30.38546285,-9.5710786
15,30.38546285,-9.5710786,30.38548609,-9.57108899
15,30.38548609,-9.57108899,30.385618,-9.571207
15,30.385618,-9.571207,30.385632,-9.571287
15,30.385632,-9.571287,30.386324,-9.571157
15,30.386324,-9.571157,30.386696,-9.571332
15,30.386696,-9.571332,30.386327,-9.57197
15,30.386327,-9.57197,30.386886,-9.571557
15,30.386886,-9.571557,30.386816,-9.570945
15,30.386816,-9.570945,30.387117,-9.570861
15,30.387117,-9.570861,30.387312,-9.570673
15,30.387312,-9.570673,30.387548,-9.570586
15,30.387548,-9.570586,30.386952,-9.569819
15,30.386952,-9.569819,30.387835,-9.564768
15,30.387835,-9.564768,30.389587,-9.564141
15,30.389587,-9.564141,30.39144,-9.5607466667
15,30.39144,-9.5607466667,30.393216,-9.5607
15,30.393216,-9.5607,30.391149,-9.557805
15,30.391149,-9.557805,30.390781,-9.557416
15,30.390781,-9.557416,30.390668,-9.557422
15,30.390668,-9.557422,30.391126,-9.558627
15,30.391126,-9.558627,30.39102,-9.558579
15,30.39102,-9.558579,30.390517,-9.558284
15,30.390517,-9.558284,30.389763,-9.557384
15,30.389763,-9.557384,30.388649,-9.557037
15,30.388649,-9.557037,30.387811,-9.556906
15,30.387811,-9.556906,30.38742,-9.557012
15,30.38742,-9.557012,30.387441,-9.55654
15,30.387441,-9.55654,30.387266,-9.556101
15,30.387266,-9.556101,30.387968,-9.556201
15,30.387968,-9.556201,30.387749,-9.555165
15,30.387749,-9.555165,30.38755604,-9.5553583
15,30.38755604,-9.5553583,30.385884,-9.552727
15,30.385884,-9.552727,30.385311,-9.552855
15,30.385311,-9.552855,30.38591796,-9.55300184
15,30.38591796,-9.55300184,30.38769611,-9.5360532
15,30.38769611,-9.5360532,30.38532453,-9.52977346
15,30.38532453,-9.52977346,30.385317,-9.52983616
15,30.385317,-9.52983616,30.38279743,-9.52511532
15,30.38279743,-9.52511532,30.390433,-9.522205570492089
16,30.390433,-9.522205570492089,30.39876463,-9.53032167
16,30.39876463,-9.53032167,30.399191,-9.530267
16,30.399191,-9.530267,30.39959204,-9.53114301
16,30.39959204,-9.53114301,30.39868812,-9.53225365
16,30.39868812,-9.53225365,30.39531863,-9.53440382
16,30.39531863,-9.53440382,30.39502374,-9.53477576
16,30.39502374,-9.53477576,30.39468585,-9.53583232
16,30.39468585,-9.53583232,30.39501347,-9.53444419
16,30.39501347,-9.53444419,30.39292566,-9.53654305
16,30.39292566,-9.53654305,30.39394558,-9.54018884
16,30.39394558,-9.54018884,30.39480513,-9.54174052
16,30.39480513,-9.54174052,30.39552559,-9.54106491
16,30.39552559,-9.54106491,30.39537937,-9.53994968
16,30.39537937,-9.53994968,30.39898311,-9.54339703
16,30.39898311,-9.54339703,30.39866808,-9.54499232
16,30.39866808,-9.54499232,30.399576,-9.545106
16,30.399576,-9.545106,30.39996,-9.545277
16,30.39996,-9.545277,30.40093604,-9.54503577
16,30.40093604,-9.54503577,30.40106,-9.544961
16,30.40106,-9.544961,30.40171351,-9.54474725
16,30.40171351,-9.54474725,30.4022166667,-9.545715
16,30.4022166667,-9.545715,30.4019916667,-9.545772
16,30.4019916667,-9.545772,30.400927,-9.547012
16,30.400927,-9.547012,30.4000083333,-9.54697
16,30.4000083333,-9.54697,30.3993683333,-9.5467933333
16,30.3993683333,-9.5467933333,30.39894909,-9.54590857
16,30.39894909,-9.54590857,30.39887782,-9.54689814
16,30.39887782,-9.54689814,30.39821618,-9.54689198
16,30.39821618,-9.54689198,30.397655,-9.546328
16,30.397655,-9.546328,30.397812,-9.545162
16,30.397812,-9.545162,30.39689944,-9.5450989
16,30.39689944,-9.5450989,30.39667832,-9.54531491
16,30.39667832,-9.54531491,30.3966023,-9.54763933
16,30.3966023,-9.54763933,30.39684186,-9.54828469
16,30.39684186,-9.54828469,30.39665468,-9.55005184
16,30.39665468,-9.55005184,30.3966813,-9.54997635
16,30.3966813,-9.54997635,30.397262,-9.550427
16,30.397262,-9.550427,30.39778213,-9.5500314
16,30.39778213,-9.5500314,30.39777765,-9.54936764
16,30.39777765,-9.54936764,30.3973674,-9.54894146
16,30.3973674,-9.54894146,30.39902093,-9.54794336
16,30.39902093,-9.54794336,30.39968714,-9.54793957
16,30.39968714,-9.54793957,30.39949859,-9.54882437
16,30.39949859,-9.54882437,30.40038872,-9.54920266
16,30.40038872,-9.54920266,30.40071828,-9.54807978
16,30.40071828,-9.54807978,30.40187207,-9.54864217
16,30.40187207,-9.54864217,30.402508,-9.547866
16,30.402508,-9.547866,30.40306359,-9.54868495
16,30.40306359,-9.54868495,30.403121,-9.549098
16,30.403121,-9.549098,30.40294319,-9.54924318
16,30.40294319,-9.54924318,30.40196103,-9.54982415
16,30.40196103,-9.54982415,30.40160645,-9.55030809
16,30.40160645,-9.55030809,30.40116254,-9.55097995
16,30.40116254,-9.55097995,30.40216587,-9.55300477
16,30.40216587,-9.55300477,30.401532,-9.553195
16,30.401532,-9.553195,30.40114473,-9.55315367
16,30.40114473,-9.55315367,30.399405,-9.5557333333
16,30.399405,-9.5557333333,30.39942364,-9.55586292
16,30.39942364,-9.55586292,30.398519,-9.555982
16,30.398519,-9.555982,30.39849,-9.555514
16,30.39849,-9.555514,30.3977183333,-9.555006
16,30.3977183333,-9.555006,30.398292,-9.552871
16,30.398292,-9.552871,30.39648758,-9.55174546
16,30.39648758,-9.55174546,30.3957529,-9.55208864
16,30.3957529,-9.55208864,30.39545599,-9.55154301
16,30.39545599,-9.55154301,30.39521687,-9.55071162
16,30.39521687,-9.55071162,30.39517007,-9.55075696
16,30.39517007,-9.55075696,30.39241511,-9.55087554
16,30.39241511,-9.55087554,30.39222706,-9.55027886
16,30.39222706,-9.55027886,30.39306,-9.5483566667
16,30.39306,-9.5483566667,30.39308,-9.5487616667
16,30.39308,-9.5487616667,30.390859,-9.546907
16,30.390859,-9.546907,30.390517,-9.546724
16,30.390517,-9.546724,30.39022,-9.5447633333
16,30.39022,-9.5447633333,30.39314885,-9.53894
16,30.39314885,-9.53894,30.39248583,-9.53692416
16,30.39248583,-9.53692416,30.393478,-9.535558
16,30.393478,-9.535558,30.39353968,-9.53488167
16,30.39353968,-9.53488167,30.39375163,-9.53395617
16,30.39375163,-9.53395617,30.390433,-9.522205570492089
17,30.390433,-9.522205570492089,30.37725876,-9.5162674
17,30.37725876,-9.5162674,30.37686021,-9.51626094
17,30.37686021,-9.51626094,30.37468152,-9.51679276
17,30.37468152,-9.51679276,30.37458167,-9.51691129
17,30.37458167,-9.51691129,30.374013,-9.517496
17,30.374013,-9.517496,30.3733642,-9.51775999
17,30.3733642,-9.51775999,30.37387005,-9.51665187
17,30.37387005,-9.51665187,30.37304372,-9.52147681
17,30.37304372,-9.52147681,30.37324985,-9.5226765
17,30.37324985,-9.5226765,30.37331432,-9.52272473
17,30.37331432,-9.52272473,30.37277822,-9.52277376
17,30.37277822,-9.52277376,30.37260038,-9.52264128
17,30.37260038,-9.52264128,30.37229677,-9.52255735
17,30.37229677,-9.52255735,30.37230682,-9.52447741
17,30.37230682,-9.52447741,30.37181484,-9.52454642
17,30.37181484,-9.52454642,30.3715739,-9.52385713
17,30.3715739,-9.52385713,30.37277313,-9.51769151
17,30.37277313,-9.51769151,30.38792915,-9.51378505
17,30.38792915,-9.51378505,30.38792915,-9.51378505
17,30.38792915,-9.51378505,30.38792915,-9.51378505
17,30.38792915,-9.51378505,30.38792915,-9.51378505
17,30.38792915,-9.51378505,30.38792915,-9.51378505
17,30.38792915,-9.51378505,30.38792915,-9.51378505
17,30.38792915,-9.51378505,30.38822926,-9.5146158
17,30.38822926,-9.5146158,30.38814994,-9.51431685
17,30.38814994,-9.51431685,30.38826423,-9.51441122
17,30.38826423,-9.51441122,30.38832018,-9.51448976
17,30.38832018,-9.51448976,30.392186,-9.517887
17,30.392186,-9.517887,30.3894076,-9.50878709
17,30.3894076,-9.50878709,30.38922178,-9.50859244
17,30.38922178,-9.50859244,30.38901991,-9.50832446
17,30.38901991,-9.50832446,30.38827162,-9.50754218
17,30.38827162,-9.50754218,30.38872426,-9.50781029
17,30.38872426,-9.50781029,30.38848753,-9.50623741
17,30.38848753,-9.50623741,30.38926454,-9.50593234
17,30.38926454,-9.50593234,30.38887276,-9.50638896
17,30.38887276,-9.50638896,30.385989,-9.503552
17,30.385989,-9.503552,30.38615441,-9.50344828
17,30.38615441,-9.50344828,30.389561,-9.501612
17,30.389561,-9.501612,30.38771,-9.499535
17,30.38771,-9.499535,30.390014,-9.49974299
17,30.390014,-9.49974299,30.3919416667,-9.500805
17,30.3919416667,-9.500805,30.39317225,-9.5018466
17,30.39317225,-9.5018466,30.39589184,-9.50581009
17,30.39589184,-9.50581009,30.39208708,-9.50984361
17,30.39208708,-9.50984361,30.39243782,-9.50971314
17,30.39243782,-9.50971314,30.3928466667,-9.50893
17,30.3928466667,-9.50893,30.3920462,-9.50786225
17,30.3920462,-9.50786225,30.39209375,-9.50707597
17,30.39209375,-9.50707597,30.394637,-9.510551
17,30.394637,-9.510551,30.39336,-9.512604
17,30.39336,-9.512604,30.393748,-9.513275
17,30.393748,-9.513275,30.39314495,-9.5158034
17,30.39314495,-9.5158034,30.39651936,-9.51246487
17,30.39651936,-9.51246487,30.40056292,-9.51427757
17,30.40056292,-9.51427757,30.39941542,-9.51481633
17,30.39941542,-9.51481633,30.39847075,-9.5172837
17,30.39847075,-9.5172837,30.39670122,-9.5197924
17,30.39670122,-9.5197924,30.39615434,-9.51908359
17,30.39615434,-9.51908359,30.40016,-9.518471
17,30.40016,-9.518471,30.4015766667,-9.518101
17,30.4015766667,-9.518101,30.4010866667,-9.5175016667
17,30.4010866667,-9.5175016667,30.402058,-9.517356
17,30.402058,-9.517356,30.40205527,-9.5179206
17,30.40205527,-9.5179206,30.40208666,-9.51883287
17,30.40208666,-9.51883287,30.4018216667,-9.5190366667
17,30.4018216667,-9.5190366667,30.40213077,-9.52075566
17,30.40213077,-9.52075566,30.40189308,-9.52172363
17,30.40189308,-9.52172363,30.40258772,-9.52352064
17,30.40258772,-9.52352064,30.40311717,-9.52408798
17,30.40311717,-9.52408798,30.40376856,-9.52524597
17,30.40376856,-9.52524597,30.402339,-9.523373
17,30.402339,-9.523373,30.39889635,-9.5226117
17,30.39889635,-9.5226117,30.39862499,-9.52230322
17,30.39862499,-9.52230322,30.390433,-9.522205570492089
